title,price,category
Classic Navy Leather Wallet,83,Accessories
Classic Gray Sunglasses,174,Accessories
Classic Black Graphic T-Shirt,214,Apparel
Classic Blue Pullover Hoodie,189,Apparel
Classic Green Scarf,153,Accessories
Classic Red Jogger Sweatpants,247,Apparel
Classic Black Leather Wallet,54,Accessories
Classic Blue Leather Wallet,123,Accessories
Classic Green Jogger Sweatpants,64,Apparel
Classic Black Pullover Hoodie,62,Apparel
Classic Navy Baseball Cap,51,Accessories
Classic Red Crewneck Sweatshirt,56,Apparel
Classic Blue Jogger Sweatpants,198,Apparel
Classic Black Denim Jacket,178,Apparel
Classic White Leather Wallet,182,Accessories
Classic Gray Wristwatch,106,Accessories
Classic Gray Cardigan,149,Apparel
Classic Blue Tank Top,48,Apparel
Classic Green Jogger Sweatpants,63,Apparel
Classic Black Crewneck Sweatshirt,203,Apparel
Classic White Pullover Hoodie,101,Apparel
Classic Navy Comfort Fit Joggers,249,Apparel
Classic Gray Handbag,220,Accessories
Classic Navy Crewneck Sweatshirt,216,Apparel
Classic Red Baseball Cap,182,Accessories
Classic Gray Cardigan,172,Apparel
Classic Red Crewneck Sweatshirt,100,Apparel
Classic Black Pullover Hoodie,129,Apparel
Classic Black Denim Jacket,131,Apparel
Classic Red Tank Top,40,Apparel
Classic Green Keychain,61,Accessories
Classic Blue Backpack,146,Accessories
Classic Navy Comfort Fit Joggers,178,Apparel
Classic Blue Handbag,244,Accessories
Classic Black Leather Wallet,13,Accessories
Classic Black Cardigan,12,Apparel
Classic White Denim Jacket,43,Apparel
Classic Blue Scarf,66,Accessories
Classic Green Leather Wallet,36,Accessories
Classic White Baseball Cap,70,Accessories
Classic Navy Belt,187,Accessories
Classic White Graphic T-Shirt,75,Apparel
Classic Blue Scarf,21,Accessories
Classic Black Drawstring Joggers,141,Apparel
Classic Green Comfort Fit Joggers,56,Apparel
Classic Green Belt,31,Accessories
Classic Blue Crewneck Sweatshirt,75,Apparel
Classic Gray Leather Wallet,172,Accessories
Classic Blue Drawstring Joggers,118,Apparel
Classic Green Backpack,223,Accessories
Classic Blue Jogger Sweatpants,103,Apparel
Classic Red Cardigan,97,Apparel
Classic Navy Crewneck Sweatshirt,75,Apparel
Classic Blue Hooded Sweatshirt,32,Apparel
Classic Green Pullover Hoodie,123,Apparel
Classic Green Beanie,36,Accessories
Classic Black Handbag,26,Accessories
Classic White Pullover Hoodie,199,Apparel
Classic White Denim Jacket,127,Apparel
Classic Black Crewneck Sweatshirt,11,Apparel
Classic Blue Hooded Sweatshirt,162,Apparel
Classic Green Leather Wallet,150,Accessories
Classic Gray Hooded Sweatshirt,56,Apparel
Classic Black Comfort Fit Joggers,83,Apparel
Classic White Scarf,219,Accessories
Classic Black Comfort Fit Joggers,188,Apparel
Classic White Baseball Cap,177,Accessories
Classic Gray Baseball Cap,111,Accessories
Classic Navy Belt,248,Accessories
Classic Green Belt,138,Accessories
Classic White Hooded Sweatshirt,135,Apparel
Classic Black Backpack,49,Accessories
Classic Black Keychain,54,Accessories
Classic Green Comfort Fit Joggers,158,Apparel
Classic Navy Belt,73,Accessories
Classic Navy Scarf,244,Accessories
Classic Red Scarf,71,Accessories
Classic Navy Keychain,110,Accessories
Classic White Hooded Sweatshirt,183,Apparel
Classic Blue Wristwatch,249,Accessories
Classic Gray Baseball Cap,214,Accessories
Classic Green Keychain,132,Accessories
Classic Gray Keychain,125,Accessories
Classic Green Drawstring Joggers,145,Apparel
Classic Black Graphic T-Shirt,113,Apparel
Classic Black Beanie,241,Accessories
Classic Navy Pullover Hoodie,138,Apparel
Classic Gray Wristwatch,175,Accessories
Classic Blue Tank Top,104,Apparel
Classic White Drawstring Joggers,86,Apparel
Classic White Hooded Sweatshirt,202,Apparel
Classic White Sunglasses,242,Accessories
Classic Blue Beanie,169,Accessories
Classic Red Cardigan,142,Apparel
Classic Gray Scarf,80,Accessories
Classic Black Drawstring Joggers,151,Apparel
Classic Black Pullover Hoodie,115,Apparel
Classic White Crewneck Sweatshirt,183,Apparel
Classic Red Handbag,135,Accessories
Classic Green Sunglasses,114,Accessories
Classic White Sunglasses,216,Accessories
Classic White Cardigan,210,Apparel
Classic Black Keychain,162,Accessories
Classic White Handbag,235,Accessories
Classic Blue Cardigan,161,Apparel
Classic Blue Jogger Sweatpants,73,Apparel
Classic Black Scarf,216,Accessories
Classic Black Cardigan,88,Apparel
Classic Gray Leather Wallet,75,Accessories
Classic Navy Leather Wallet,140,Accessories
Classic Red Crewneck Sweatshirt,36,Apparel
Classic Red Beanie,154,Accessories
Classic Gray Jogger Sweatpants,117,Apparel
Classic Black Belt,29,Accessories
Classic Gray Graphic T-Shirt,175,Apparel
Classic Black Backpack,32,Accessories
Classic Navy Keychain,247,Accessories
Classic Red Backpack,239,Accessories
Classic Green Denim Jacket,138,Apparel
Classic White Scarf,70,Accessories
Classic Green Scarf,209,Accessories
Classic White Jogger Sweatpants,38,Apparel
Classic White Jogger Sweatpants,73,Apparel
Classic Black Hooded Sweatshirt,15,Apparel
Classic Red Pullover Hoodie,153,Apparel
Classic Navy Wristwatch,116,Accessories
Classic Green Sunglasses,91,Accessories
Classic Navy Crewneck Sweatshirt,185,Apparel
Classic Green Scarf,161,Accessories
Classic Blue Jogger Sweatpants,55,Apparel
Classic Gray Comfort Fit Joggers,92,Apparel
Classic White Baseball Cap,137,Accessories
Classic Green Leather Wallet,81,Accessories
Classic Navy Graphic T-Shirt,87,Apparel
Classic Blue Baseball Cap,10,Accessories
Classic Blue Comfort Fit Joggers,112,Apparel
Classic Gray Graphic T-Shirt,80,Apparel
Classic Gray Wristwatch,230,Accessories
Classic Blue Beanie,28,Accessories
Classic Black Backpack,109,Accessories
Classic Red Comfort Fit Joggers,142,Apparel
Classic Black Sunglasses,144,Accessories
Classic Green Jogger Sweatpants,131,Apparel
Classic Navy Leather Wallet,227,Accessories
Classic Green Tank Top,138,Apparel
Classic Blue Crewneck Sweatshirt,99,Apparel
Classic Blue Belt,89,Accessories
Classic Navy Beanie,24,Accessories
Classic Red Hooded Sweatshirt,250,Apparel
Classic White Wristwatch,182,Accessories
Classic Blue Graphic T-Shirt,245,Apparel
Classic Green Denim Jacket,143,Apparel
Classic Navy Crewneck Sweatshirt,194,Apparel
Classic Red Comfort Fit Joggers,229,Apparel
Classic Gray Cardigan,63,Apparel
Classic Blue Baseball Cap,36,Accessories
Classic Gray Graphic T-Shirt,163,Apparel
Classic Navy Beanie,110,Accessories
Classic Black Backpack,219,Accessories
Classic Gray Comfort Fit Joggers,25,Apparel
Classic Blue Jogger Sweatpants,245,Apparel
Classic Gray Beanie,21,Accessories
Classic Green Drawstring Joggers,116,Apparel
Classic Blue Beanie,128,Accessories
Classic Gray Baseball Cap,124,Accessories
Classic Green Pullover Hoodie,10,Apparel
Classic Gray Sunglasses,78,Accessories
Classic Black Wristwatch,207,Accessories
Classic White Scarf,100,Accessories
Classic Green Crewneck Sweatshirt,23,Apparel
Classic Navy Belt,208,Accessories
Classic Blue Cardigan,175,Apparel
Classic Green Keychain,91,Accessories
Classic Green Jogger Sweatpants,44,Apparel
Classic Green Cardigan,182,Apparel
Classic Gray Graphic T-Shirt,243,Apparel
Classic Navy Cardigan,58,Apparel
Classic Black Graphic T-Shirt,241,Apparel
Classic Green Baseball Cap,92,Accessories
Classic White Scarf,11,Accessories
Classic Red Crewneck Sweatshirt,64,Apparel
Classic Red Beanie,143,Accessories
Classic Gray Backpack,80,Accessories
Classic White Sunglasses,56,Accessories
Classic Navy Wristwatch,63,Accessories
Classic Blue Comfort Fit Joggers,244,Apparel
Classic Black Crewneck Sweatshirt,50,Apparel
Classic Gray Baseball Cap,26,Accessories
Classic Blue Comfort Fit Joggers,201,Apparel
Classic White Jogger Sweatpants,178,Apparel
Classic Red Jogger Sweatpants,73,Apparel
Classic Gray Belt,55,Accessories
Classic Black Handbag,83,Accessories
Classic Black Hooded Sweatshirt,203,Apparel
Classic White Backpack,158,Accessories
Classic Green Pullover Hoodie,189,Apparel
Classic Black Keychain,35,Accessories
Classic Green Beanie,205,Accessories
Classic Navy Wristwatch,82,Accessories
Classic Gray Belt,15,Accessories
Classic White Jogger Sweatpants,109,Apparel
Classic Navy Drawstring Joggers,65,Apparel
Classic Blue Denim Jacket,51,Apparel
Classic Red Beanie,178,Accessories
Classic Red Hooded Sweatshirt,142,Apparel
Classic Blue Beanie,212,Accessories
Classic Green Tank Top,182,Apparel
Classic White Cardigan,135,Apparel
Classic Red Keychain,40,Accessories
Classic Green Jogger Sweatpants,167,Apparel
Classic Red Wristwatch,100,Accessories
Classic Red Comfort Fit Joggers,227,Apparel
Classic Green Denim Jacket,163,Apparel
Classic Navy Cardigan,58,Apparel
Classic Black Wristwatch,153,Accessories
Classic Navy Belt,44,Accessories
Classic Black Baseball Cap,237,Accessories
Classic Gray Handbag,108,Accessories
Classic Blue Pullover Hoodie,28,Apparel
Classic Red Pullover Hoodie,126,Apparel
Classic Black Drawstring Joggers,30,Apparel
Classic Black Crewneck Sweatshirt,244,Apparel
Classic Blue Pullover Hoodie,25,Apparel
Classic Red Beanie,226,Accessories
Classic Navy Leather Wallet,172,Accessories
Classic Red Graphic T-Shirt,48,Apparel
Classic Green Graphic T-Shirt,106,Apparel
Classic Navy Pullover Hoodie,66,Apparel
Classic Green Crewneck Sweatshirt,232,Apparel
Classic Red Wristwatch,176,Accessories
Classic Gray Handbag,136,Accessories
Classic Blue Jogger Sweatpants,155,Apparel
Classic Gray Graphic T-Shirt,200,Apparel
Classic Blue Wristwatch,92,Accessories
Classic Blue Sunglasses,208,Accessories
Classic Red Tank Top,103,Apparel
Classic Blue Handbag,244,Accessories
Classic Blue Jogger Sweatpants,25,Apparel
Classic Green Backpack,179,Accessories
Classic Black Leather Wallet,45,Accessories
Classic White Pullover Hoodie,159,Apparel
Classic Blue Beanie,23,Accessories
Classic White Sunglasses,88,Accessories
Classic Black Belt,27,Accessories
Classic White Sunglasses,27,Accessories
Classic Red Leather Wallet,127,Accessories
Classic Navy Jogger Sweatpants,97,Apparel
Classic Blue Backpack,229,Accessories
Classic Blue Cardigan,176,Apparel
Classic Blue Jogger Sweatpants,60,Apparel
Classic Blue Belt,31,Accessories
Classic Blue Handbag,146,Accessories
Classic Gray Jogger Sweatpants,145,Apparel
Classic Green Sunglasses,89,Accessories
Classic Navy Wristwatch,245,Accessories
Classic Red Tank Top,123,Apparel
Classic Gray Leather Wallet,220,Accessories
Classic Blue Beanie,136,Accessories
Classic Red Graphic T-Shirt,90,Apparel
Classic Black Tank Top,136,Apparel
Classic Red Comfort Fit Joggers,101,Apparel
Classic Black Pullover Hoodie,57,Apparel
Classic Blue Jogger Sweatpants,171,Apparel
Classic Green Denim Jacket,162,Apparel
Classic Black Crewneck Sweatshirt,200,Apparel
Classic Green Handbag,197,Accessories
Classic White Scarf,161,Accessories
Classic Navy Wristwatch,221,Accessories
Classic Green Jogger Sweatpants,243,Apparel
Classic Green Backpack,237,Accessories
Classic Black Graphic T-Shirt,193,Apparel
Classic White Backpack,213,Accessories
Classic White Denim Jacket,57,Apparel
Classic White Belt,222,Accessories
Classic Red Baseball Cap,243,Accessories
Classic Blue Belt,242,Accessories
Classic Black Hooded Sweatshirt,15,Apparel
Classic Navy Tank Top,36,Apparel
Classic White Tank Top,85,Apparel
Classic Green Handbag,227,Accessories
Classic Red Belt,148,Accessories
Classic Red Leather Wallet,183,Accessories
Classic Gray Graphic T-Shirt,177,Apparel
Classic Navy Tank Top,185,Apparel
Classic White Hooded Sweatshirt,97,Apparel
Classic Gray Sunglasses,231,Accessories
Classic White Drawstring Joggers,46,Apparel
Classic Green Backpack,123,Accessories
Classic White Jogger Sweatpants,217,Apparel
Classic Blue Cardigan,204,Apparel
Classic Navy Keychain,102,Accessories
Classic Navy Denim Jacket,226,Apparel
Classic Red Leather Wallet,59,Accessories
Classic Green Leather Wallet,66,Accessories
Classic Gray Denim Jacket,239,Apparel
Classic Navy Wristwatch,188,Accessories
Classic Blue Jogger Sweatpants,132,Apparel
Classic Navy Scarf,81,Accessories
Classic Green Belt,71,Accessories
Classic White Baseball Cap,224,Accessories
Classic White Baseball Cap,112,Accessories
Classic Green Belt,167,Accessories
Classic White Hooded Sweatshirt,50,Apparel
Classic Blue Leather Wallet,145,Accessories
Classic Black Backpack,14,Accessories
Classic White Scarf,199,Accessories
Classic Black Scarf,51,Accessories
Classic Black Comfort Fit Joggers,203,Apparel
Classic Gray Graphic T-Shirt,150,Apparel
Classic Red Graphic T-Shirt,28,Apparel
Classic White Tank Top,215,Apparel
Classic Navy Cardigan,71,Apparel
Classic White Denim Jacket,150,Apparel
Classic Blue Hooded Sweatshirt,117,Apparel
Classic Black Jogger Sweatpants,47,Apparel
Classic Red Keychain,92,Accessories
Classic Navy Handbag,156,Accessories
Classic Red Leather Wallet,152,Accessories
Classic Blue Beanie,198,Accessories
Classic White Tank Top,66,Apparel
Classic Navy Comfort Fit Joggers,63,Apparel
Classic Green Scarf,39,Accessories
Classic White Handbag,56,Accessories
Classic White Beanie,166,Accessories
Classic Black Scarf,36,Accessories
Classic Blue Beanie,235,Accessories
Classic Navy Drawstring Joggers,26,Apparel
Classic Blue Belt,28,Accessories
Classic Red Backpack,245,Accessories
Classic Gray Denim Jacket,59,Apparel
Classic White Jogger Sweatpants,92,Apparel
Classic Green Keychain,97,Accessories
Classic Black Sunglasses,27,Accessories
Classic Red Scarf,83,Accessories
Classic Green Denim Jacket,175,Apparel
Classic White Keychain,204,Accessories
Classic Red Pullover Hoodie,75,Apparel
Classic Blue Sunglasses,36,Accessories
Classic Red Baseball Cap,145,Accessories
Classic Red Comfort Fit Joggers,242,Apparel
Classic Green Sunglasses,226,Accessories
Classic Gray Denim Jacket,78,Apparel
Classic Gray Crewneck Sweatshirt,52,Apparel
Classic Blue Sunglasses,172,Accessories
Classic Blue Belt,83,Accessories
Classic Black Backpack,141,Accessories
Classic Black Baseball Cap,186,Accessories
Classic Black Crewneck Sweatshirt,72,Apparel
Classic White Denim Jacket,42,Apparel
Classic Red Jogger Sweatpants,227,Apparel
Classic Navy Leather Wallet,219,Accessories
Classic Blue Comfort Fit Joggers,173,Apparel
Classic Red Leather Wallet,37,Accessories
Classic Red Denim Jacket,121,Apparel
Classic Gray Keychain,27,Accessories
Classic Gray Cardigan,71,Apparel
Classic Navy Denim Jacket,30,Apparel
Classic Black Pullover Hoodie,108,Apparel
Classic Blue Beanie,69,Accessories
Classic Green Pullover Hoodie,10,Apparel
Classic White Jogger Sweatpants,30,Apparel
Classic Gray Wristwatch,194,Accessories
Classic Green Pullover Hoodie,209,Apparel
Classic Green Backpack,107,Accessories
Classic Gray Belt,81,Accessories
Classic Green Baseball Cap,240,Accessories
Classic Gray Beanie,156,Accessories
Classic Navy Handbag,146,Accessories
Classic Red Beanie,206,Accessories
Classic Red Belt,166,Accessories
Classic Black Tank Top,69,Apparel
Classic Navy Belt,86,Accessories
Classic Black Jogger Sweatpants,64,Apparel
Classic Green Backpack,32,Accessories
Classic White Sunglasses,72,Accessories
Classic Blue Jogger Sweatpants,17,Apparel
Classic Gray Leather Wallet,168,Accessories
Classic Red Sunglasses,173,Accessories
Classic Black Drawstring Joggers,61,Apparel
Classic Red Pullover Hoodie,220,Apparel
Classic Navy Crewneck Sweatshirt,131,Apparel
Classic Navy Backpack,12,Accessories
Classic Green Cardigan,230,Apparel
Classic Black Drawstring Joggers,204,Apparel
Classic Gray Belt,112,Accessories
Classic Black Drawstring Joggers,145,Apparel
Classic Navy Keychain,68,Accessories
Classic White Jogger Sweatpants,29,Apparel
Classic Blue Hooded Sweatshirt,209,Apparel
Classic Navy Keychain,174,Accessories
Classic Gray Belt,79,Accessories
Classic Gray Scarf,124,Accessories
Classic White Graphic T-Shirt,82,Apparel
Classic Gray Cardigan,188,Apparel
Classic White Hooded Sweatshirt,241,Apparel
Classic Red Leather Wallet,66,Accessories
Classic Navy Scarf,123,Accessories
Classic White Hooded Sweatshirt,208,Apparel
Classic Navy Crewneck Sweatshirt,192,Apparel
Classic Red Scarf,19,Accessories
Classic Green Leather Wallet,71,Accessories
Classic Blue Graphic T-Shirt,62,Apparel
Classic Black Leather Wallet,215,Accessories
Classic Black Drawstring Joggers,35,Apparel
Classic Green Wristwatch,171,Accessories
Classic Red Graphic T-Shirt,229,Apparel
Classic White Wristwatch,37,Accessories
Classic White Belt,201,Accessories
Classic Green Drawstring Joggers,232,Apparel
Classic Blue Hooded Sweatshirt,91,Apparel
Classic Blue Belt,134,Accessories
Classic Gray Leather Wallet,21,Accessories
Classic Green Tank Top,31,Apparel
Classic Black Scarf,78,Accessories
Classic Red Denim Jacket,193,Apparel
Classic White Sunglasses,220,Accessories
Classic Green Scarf,108,Accessories
Classic Green Crewneck Sweatshirt,106,Apparel
Classic White Tank Top,185,Apparel
Classic Navy Crewneck Sweatshirt,32,Apparel
Classic Red Sunglasses,218,Accessories
Classic White Baseball Cap,50,Accessories
Classic Green Jogger Sweatpants,20,Apparel
Classic Blue Tank Top,240,Apparel
Classic Green Wristwatch,115,Accessories
Classic Blue Denim Jacket,83,Apparel
Classic Red Crewneck Sweatshirt,57,Apparel
Classic Navy Cardigan,62,Apparel
Classic Gray Keychain,149,Accessories
Classic Red Tank Top,133,Apparel
Classic Blue Backpack,205,Accessories
Classic Black Wristwatch,202,Accessories
Classic Navy Scarf,128,Accessories
Classic Black Wristwatch,34,Accessories
Classic Black Beanie,43,Accessories
Classic Green Wristwatch,91,Accessories
Classic Black Leather Wallet,87,Accessories
Classic Gray Hooded Sweatshirt,236,Apparel
Classic Red Pullover Hoodie,111,Apparel
Classic Gray Keychain,191,Accessories
Classic Navy Scarf,242,Accessories
Classic Green Keychain,45,Accessories
Classic Green Jogger Sweatpants,62,Apparel
Classic Red Jogger Sweatpants,204,Apparel
Classic Blue Sunglasses,164,Accessories
Classic Red Belt,105,Accessories
Classic Navy Cardigan,89,Apparel
Classic Black Wristwatch,208,Accessories
Classic White Crewneck Sweatshirt,131,Apparel
Classic Blue Crewneck Sweatshirt,147,Apparel
Classic Black Keychain,21,Accessories
Classic Gray Denim Jacket,91,Apparel
Classic Black Denim Jacket,166,Apparel
Classic Navy Keychain,228,Accessories
Classic Blue Drawstring Joggers,221,Apparel
Classic Gray Beanie,95,Accessories
Classic Blue Graphic T-Shirt,113,Apparel
Classic Green Denim Jacket,110,Apparel
Classic Navy Pullover Hoodie,21,Apparel
Classic Green Sunglasses,52,Accessories
Classic White Drawstring Joggers,250,Apparel
Classic Navy Belt,230,Accessories
Classic Blue Graphic T-Shirt,74,Apparel
Classic White Backpack,75,Accessories
Classic Blue Scarf,222,Accessories
Classic Red Beanie,117,Accessories
Classic Black Graphic T-Shirt,153,Apparel
Classic Red Belt,233,Accessories
Classic Blue Beanie,78,Accessories
Classic Navy Beanie,160,Accessories
Classic Green Wristwatch,157,Accessories
Classic Blue Hooded Sweatshirt,73,Apparel
Classic Green Graphic T-Shirt,21,Apparel
Classic Blue Pullover Hoodie,182,Apparel
Classic Green Handbag,39,Accessories
Classic Green Wristwatch,146,Accessories
Classic Navy Scarf,157,Accessories
Classic Gray Graphic T-Shirt,137,Apparel
Classic Black Wristwatch,12,Accessories
Classic Gray Handbag,112,Accessories
Classic Red Crewneck Sweatshirt,120,Apparel
Classic White Scarf,91,Accessories
Classic Gray Tank Top,76,Apparel
Classic Black Scarf,68,Accessories
Classic Blue Graphic T-Shirt,150,Apparel
Classic White Hooded Sweatshirt,178,Apparel
Classic Black Denim Jacket,71,Apparel
Classic White Crewneck Sweatshirt,130,Apparel
Classic Black Comfort Fit Joggers,140,Apparel
Classic Green Baseball Cap,207,Accessories
Classic Navy Scarf,108,Accessories
Classic Gray Cardigan,173,Apparel
Classic Gray Scarf,180,Accessories
Classic Navy Jogger Sweatpants,138,Apparel
Classic Green Sunglasses,183,Accessories
Classic Blue Denim Jacket,216,Apparel
Classic White Beanie,37,Accessories
Classic Black Denim Jacket,236,Apparel
Classic Blue Hooded Sweatshirt,223,Apparel
Classic White Jogger Sweatpants,127,Apparel
Classic Blue Graphic T-Shirt,134,Apparel
Classic Black Backpack,220,Accessories
Classic Green Backpack,43,Accessories
Classic Blue Beanie,191,Accessories
Classic Navy Belt,17,Accessories
Classic Red Drawstring Joggers,167,Apparel
Classic Green Baseball Cap,71,Accessories
Classic Black Beanie,64,Accessories
Classic Green Pullover Hoodie,155,Apparel
Classic Green Hooded Sweatshirt,140,Apparel
Classic Gray Wristwatch,85,Accessories
Classic Blue Tank Top,240,Apparel
Classic Red Sunglasses,156,Accessories
Classic White Pullover Hoodie,225,Apparel
Classic Blue Hooded Sweatshirt,39,Apparel
Classic Gray Backpack,50,Accessories
Classic Black Denim Jacket,180,Apparel
Classic Gray Comfort Fit Joggers,230,Apparel
Classic Navy Leather Wallet,171,Accessories
Classic Green Hooded Sweatshirt,32,Apparel
Classic Navy Wristwatch,115,Accessories
Classic White Tank Top,200,Apparel
Classic Red Graphic T-Shirt,157,Apparel
Classic Green Denim Jacket,186,Apparel
Classic Green Drawstring Joggers,58,Apparel
Classic Red Pullover Hoodie,83,Apparel
Classic White Baseball Cap,115,Accessories
Classic Red Leather Wallet,202,Accessories
Classic Black Cardigan,79,Apparel
Classic White Graphic T-Shirt,136,Apparel
Classic Navy Scarf,149,Accessories
Classic Red Leather Wallet,93,Accessories
Classic Black Drawstring Joggers,245,Apparel
Classic Navy Sunglasses,61,Accessories
Classic Red Keychain,178,Accessories
Classic Green Wristwatch,16,Accessories
Classic Gray Sunglasses,245,Accessories
Classic Gray Wristwatch,203,Accessories
Classic Blue Leather Wallet,169,Accessories
Classic Gray Backpack,130,Accessories
Classic Blue Belt,145,Accessories
Classic Red Beanie,142,Accessories
Classic Black Jogger Sweatpants,182,Apparel
Classic Green Jogger Sweatpants,73,Apparel
Classic Black Belt,144,Accessories
Classic Navy Beanie,198,Accessories
Classic Green Scarf,150,Accessories
Classic Green Cardigan,149,Apparel
Classic Gray Sunglasses,195,Accessories
Classic Red Cardigan,79,Apparel
Classic White Leather Wallet,219,Accessories
Classic White Leather Wallet,143,Accessories
Classic Gray Denim Jacket,226,Apparel
Classic Navy Denim Jacket,98,Apparel
Classic Gray Belt,183,Accessories
Classic Red Handbag,184,Accessories
Classic Navy Keychain,147,Accessories
Classic Blue Tank Top,121,Apparel
Classic Gray Graphic T-Shirt,232,Apparel
Classic Black Leather Wallet,91,Accessories
Classic Navy Pullover Hoodie,161,Apparel
Classic Red Belt,70,Accessories
Classic Gray Jogger Sweatpants,13,Apparel
Classic Blue Handbag,95,Accessories
Classic Gray Tank Top,239,Apparel
Classic Blue Jogger Sweatpants,11,Apparel
Classic Gray Jogger Sweatpants,63,Apparel
Classic Black Comfort Fit Joggers,59,Apparel
Classic White Beanie,98,Accessories
Classic Blue Denim Jacket,24,Apparel
Classic Gray Baseball Cap,198,Accessories
Classic Red Baseball Cap,53,Accessories
Classic Navy Baseball Cap,163,Accessories
Classic Blue Denim Jacket,172,Apparel
Classic Blue Keychain,20,Accessories
Classic Red Belt,92,Accessories
Classic Blue Backpack,205,Accessories
Classic Black Pullover Hoodie,169,Apparel
Classic Green Cardigan,76,Apparel
Classic Green Cardigan,239,Apparel
Classic Green Sunglasses,184,Accessories
Classic Blue Hooded Sweatshirt,194,Apparel
Classic Green Leather Wallet,14,Accessories
Classic Red Tank Top,36,Apparel
Classic Black Crewneck Sweatshirt,67,Apparel
Classic Gray Jogger Sweatpants,80,Apparel
Classic Blue Wristwatch,238,Accessories
Classic Red Backpack,54,Accessories
Classic Gray Cardigan,107,Apparel
Classic Navy Scarf,183,Accessories
Classic Navy Belt,13,Accessories
Classic Gray Backpack,250,Accessories
Classic Red Handbag,239,Accessories
Classic Red Leather Wallet,129,Accessories
Classic Green Scarf,147,Accessories
Classic White Comfort Fit Joggers,157,Apparel
Classic Navy Jogger Sweatpants,56,Apparel
Classic Red Jogger Sweatpants,36,Apparel
Classic Navy Graphic T-Shirt,58,Apparel
Classic Navy Wristwatch,109,Accessories
Classic Red Cardigan,96,Apparel
Classic White Denim Jacket,114,Apparel
Classic Black Leather Wallet,143,Accessories
Classic Blue Scarf,150,Accessories
Classic White Jogger Sweatpants,137,Apparel
Classic Red Pullover Hoodie,130,Apparel
Classic Green Backpack,193,Accessories
Classic Red Jogger Sweatpants,198,Apparel
Classic Black Denim Jacket,239,Apparel
Classic Green Hooded Sweatshirt,177,Apparel
Classic Black Wristwatch,89,Accessories
Classic Green Comfort Fit Joggers,173,Apparel
Classic Green Crewneck Sweatshirt,106,Apparel
Classic Navy Handbag,228,Accessories
Classic Green Tank Top,102,Apparel
Classic Green Crewneck Sweatshirt,70,Apparel
Classic Blue Scarf,83,Accessories
Classic Blue Drawstring Joggers,245,Apparel
Classic White Belt,14,Accessories
Classic Black Crewneck Sweatshirt,167,Apparel
Classic White Drawstring Joggers,34,Apparel
Classic Red Beanie,137,Accessories
Classic Red Cardigan,200,Apparel
Classic White Baseball Cap,156,Accessories
Classic White Backpack,173,Accessories
Classic Green Graphic T-Shirt,198,Apparel
Classic Green Tank Top,24,Apparel
Classic Green Cardigan,28,Apparel
Classic Green Scarf,26,Accessories
Classic Black Handbag,165,Accessories
Classic Black Scarf,97,Accessories
Classic Navy Scarf,188,Accessories
Classic Navy Cardigan,100,Apparel
Classic Blue Sunglasses,198,Accessories
Classic Red Scarf,33,Accessories
Classic Navy Belt,119,Accessories
Classic Gray Keychain,240,Accessories
Classic Gray Handbag,85,Accessories
Classic White Crewneck Sweatshirt,177,Apparel
Classic White Sunglasses,61,Accessories
Classic White Crewneck Sweatshirt,43,Apparel
Classic Gray Jogger Sweatpants,190,Apparel
Classic Gray Belt,243,Accessories
Classic Red Cardigan,144,Apparel
Classic White Leather Wallet,52,Accessories
Classic Blue Jogger Sweatpants,113,Apparel
Classic Navy Drawstring Joggers,158,Apparel
Classic Red Handbag,87,Accessories
Classic Red Denim Jacket,178,Apparel
Classic Gray Baseball Cap,215,Accessories
Classic Green Baseball Cap,110,Accessories
Classic Gray Scarf,150,Accessories
Classic Green Scarf,203,Accessories
Classic Red Belt,91,Accessories
Classic Blue Baseball Cap,219,Accessories
Classic White Crewneck Sweatshirt,250,Apparel
Classic White Handbag,104,Accessories
Classic Red Cardigan,187,Apparel
Classic Gray Scarf,162,Accessories
Classic White Hooded Sweatshirt,18,Apparel
Classic Green Leather Wallet,80,Accessories
Classic Gray Drawstring Joggers,136,Apparel
Classic Green Drawstring Joggers,242,Apparel
Classic Blue Cardigan,48,Apparel
Classic Black Leather Wallet,77,Accessories
Classic White Tank Top,129,Apparel
Classic Black Beanie,166,Accessories
Classic White Pullover Hoodie,219,Apparel
Classic White Baseball Cap,180,Accessories
Classic Black Denim Jacket,187,Apparel
Classic Red Tank Top,127,Apparel
Classic Gray Pullover Hoodie,37,Apparel
Classic Green Leather Wallet,151,Accessories
Classic Red Backpack,31,Accessories
Classic Blue Tank Top,39,Apparel
Classic Red Handbag,132,Accessories
Classic White Scarf,224,Accessories
Classic Gray Crewneck Sweatshirt,225,Apparel
Classic Green Denim Jacket,50,Apparel
Classic Red Denim Jacket,107,Apparel
Classic White Beanie,229,Accessories
Classic Black Comfort Fit Joggers,137,Apparel
Classic Gray Sunglasses,238,Accessories
Classic Gray Handbag,231,Accessories
Classic Black Keychain,214,Accessories
Classic White Leather Wallet,212,Accessories
Classic Green Tank Top,55,Apparel
Classic Red Tank Top,17,Apparel
Classic Black Graphic T-Shirt,22,Apparel
Classic Red Jogger Sweatpants,250,Apparel
Classic Blue Comfort Fit Joggers,21,Apparel
Classic Green Backpack,93,Accessories
Classic White Wristwatch,100,Accessories
Classic Red Drawstring Joggers,177,Apparel
Classic Red Tank Top,90,Apparel
Classic Navy Sunglasses,129,Accessories
Classic Navy Keychain,215,Accessories
Classic Black Backpack,240,Accessories
Classic Green Drawstring Joggers,188,Apparel
Classic Blue Hooded Sweatshirt,135,Apparel
Classic Red Backpack,47,Accessories
Classic Black Beanie,102,Accessories
Classic Black Beanie,226,Accessories
Classic White Pullover Hoodie,36,Apparel
Classic Navy Tank Top,187,Apparel
Classic Green Graphic T-Shirt,83,Apparel
Classic Black Scarf,41,Accessories
Classic Red Keychain,225,Accessories
Classic Green Tank Top,84,Apparel
Classic Black Graphic T-Shirt,112,Apparel
Classic Green Belt,229,Accessories
Classic Blue Tank Top,69,Apparel
Classic White Wristwatch,36,Accessories
Classic Blue Wristwatch,32,Accessories
Classic Red Cardigan,244,Apparel
Classic Blue Backpack,89,Accessories
Classic Gray Scarf,160,Accessories
Classic Blue Backpack,204,Accessories
Classic Black Sunglasses,49,Accessories
Classic Green Graphic T-Shirt,205,Apparel
Classic White Backpack,170,Accessories
Classic Navy Tank Top,51,Apparel
Classic Green Jogger Sweatpants,73,Apparel
Classic Navy Keychain,236,Accessories
Classic Navy Hooded Sweatshirt,32,Apparel
Classic Navy Backpack,44,Accessories
Classic Green Belt,242,Accessories
Classic Red Keychain,116,Accessories
Classic Red Baseball Cap,177,Accessories
Classic White Handbag,21,Accessories
Classic Gray Hooded Sweatshirt,54,Apparel
Classic Gray Crewneck Sweatshirt,99,Apparel
Classic Navy Cardigan,227,Apparel
Classic Black Comfort Fit Joggers,122,Apparel
Classic Navy Comfort Fit Joggers,132,Apparel
Classic Navy Baseball Cap,30,Accessories
Classic Black Sunglasses,27,Accessories
Classic Navy Handbag,103,Accessories
Classic Green Belt,194,Accessories
Classic Navy Baseball Cap,86,Accessories
Classic Blue Cardigan,120,Apparel
Classic Black Scarf,144,Accessories
Classic Green Hooded Sweatshirt,90,Apparel
Classic Gray Cardigan,75,Apparel
Classic Blue Denim Jacket,89,Apparel
Classic Navy Baseball Cap,116,Accessories
Classic White Sunglasses,118,Accessories
Classic Black Keychain,150,Accessories
Classic Gray Denim Jacket,25,Apparel
Classic Gray Leather Wallet,179,Accessories
Classic Navy Jogger Sweatpants,174,Apparel
Classic White Graphic T-Shirt,51,Apparel
Classic Gray Cardigan,97,Apparel
Classic Green Baseball Cap,134,Accessories
Classic Red Comfort Fit Joggers,61,Apparel
Classic Red Scarf,80,Accessories
Classic Green Crewneck Sweatshirt,52,Apparel
Classic Black Drawstring Joggers,15,Apparel
Classic Gray Graphic T-Shirt,227,Apparel
Classic Red Denim Jacket,240,Apparel
Classic Blue Crewneck Sweatshirt,70,Apparel
Classic Red Sunglasses,80,Accessories
Classic Black Cardigan,202,Apparel
Classic Black Cardigan,70,Apparel
Classic Black Crewneck Sweatshirt,66,Apparel
Classic White Backpack,28,Accessories
Classic Navy Pullover Hoodie,88,Apparel
Classic Black Graphic T-Shirt,123,Apparel
Classic Navy Graphic T-Shirt,43,Apparel
Classic Navy Comfort Fit Joggers,155,Apparel
Classic Red Drawstring Joggers,143,Apparel
Classic White Sunglasses,128,Accessories
Classic Blue Keychain,28,Accessories
Classic White Keychain,203,Accessories
Classic Navy Keychain,236,Accessories
Classic Gray Scarf,13,Accessories
Classic Navy Cardigan,145,Apparel
Classic Navy Drawstring Joggers,236,Apparel
Classic Navy Graphic T-Shirt,137,Apparel
Classic Green Graphic T-Shirt,213,Apparel
Classic Gray Graphic T-Shirt,226,Apparel
Classic White Backpack,136,Accessories
Classic White Hooded Sweatshirt,13,Apparel
Classic Green Hooded Sweatshirt,101,Apparel
Classic Blue Denim Jacket,114,Apparel
Classic White Cardigan,153,Apparel
Classic Blue Comfort Fit Joggers,172,Apparel
Classic Gray Cardigan,78,Apparel
Classic White Leather Wallet,116,Accessories
Classic Gray Hooded Sweatshirt,132,Apparel
Classic Gray Denim Jacket,250,Apparel
Classic Green Backpack,155,Accessories
Classic Gray Tank Top,73,Apparel
Classic White Leather Wallet,85,Accessories
Classic Green Backpack,25,Accessories
Classic Blue Drawstring Joggers,46,Apparel
Classic White Keychain,155,Accessories
Classic Green Belt,106,Accessories
Classic Black Sunglasses,78,Accessories
Classic Blue Baseball Cap,182,Accessories
Classic Blue Crewneck Sweatshirt,43,Apparel
Classic White Handbag,147,Accessories
Classic Red Cardigan,103,Apparel
Classic Black Jogger Sweatpants,20,Apparel
Classic Navy Leather Wallet,184,Accessories
Classic Red Jogger Sweatpants,243,Apparel
Classic Black Leather Wallet,197,Accessories
Classic Black Leather Wallet,75,Accessories
Classic Navy Jogger Sweatpants,181,Apparel
Classic Black Jogger Sweatpants,219,Apparel
Classic Navy Comfort Fit Joggers,17,Apparel
Classic Green Crewneck Sweatshirt,160,Apparel
Classic Red Pullover Hoodie,91,Apparel
Classic Red Crewneck Sweatshirt,180,Apparel
Classic Red Baseball Cap,184,Accessories
Classic Gray Pullover Hoodie,189,Apparel
Classic Red Scarf,13,Accessories
Classic White Denim Jacket,122,Apparel
Classic White Jogger Sweatpants,11,Apparel
Classic Navy Tank Top,91,Apparel
Classic Navy Keychain,198,Accessories
Classic Blue Handbag,65,Accessories
Classic Blue Beanie,169,Accessories
Classic Blue Keychain,162,Accessories
Classic Black Jogger Sweatpants,230,Apparel
Classic White Baseball Cap,160,Accessories
Classic Gray Hooded Sweatshirt,89,Apparel
Classic Navy Jogger Sweatpants,210,Apparel
Classic Green Handbag,46,Accessories
Classic Black Cardigan,17,Apparel
Classic Gray Handbag,139,Accessories
Classic Black Crewneck Sweatshirt,176,Apparel
Classic Green Backpack,10,Accessories
Classic White Leather Wallet,58,Accessories
Classic Green Scarf,46,Accessories
Classic Red Sunglasses,131,Accessories
Classic Navy Scarf,230,Accessories
Classic Black Baseball Cap,213,Accessories
Classic Gray Graphic T-Shirt,65,Apparel
Classic Navy Crewneck Sweatshirt,121,Apparel
Classic Blue Graphic T-Shirt,133,Apparel
Classic Black Wristwatch,184,Accessories
Classic Red Hooded Sweatshirt,237,Apparel
Classic Gray Belt,166,Accessories
Classic Red Jogger Sweatpants,203,Apparel
Classic Navy Backpack,250,Accessories
Classic White Denim Jacket,236,Apparel
Classic Black Graphic T-Shirt,212,Apparel
Classic Green Drawstring Joggers,85,Apparel
Classic White Drawstring Joggers,205,Apparel
Classic Blue Baseball Cap,225,Accessories
Classic White Keychain,93,Accessories
Classic White Hooded Sweatshirt,147,Apparel
Classic Gray Drawstring Joggers,210,Apparel
Classic Red Leather Wallet,82,Accessories
Classic White Leather Wallet,94,Accessories
Classic Black Keychain,53,Accessories
Classic Blue Scarf,194,Accessories
Classic Black Leather Wallet,82,Accessories
Classic Black Backpack,55,Accessories
Classic Red Leather Wallet,112,Accessories
Classic Red Cardigan,58,Apparel
Classic Red Jogger Sweatpants,178,Apparel
Classic Red Beanie,100,Accessories
Classic Green Crewneck Sweatshirt,158,Apparel
Classic Gray Belt,68,Accessories
Classic Black Tank Top,12,Apparel
Classic Gray Crewneck Sweatshirt,178,Apparel
Classic Red Backpack,87,Accessories
Classic Red Keychain,160,Accessories
Classic Red Tank Top,126,Apparel
Classic Green Jogger Sweatpants,241,Apparel
Classic Blue Drawstring Joggers,15,Apparel
Classic Black Hooded Sweatshirt,63,Apparel
Classic Black Baseball Cap,175,Accessories
Classic Black Handbag,36,Accessories
Classic Black Belt,45,Accessories
Classic Gray Jogger Sweatpants,73,Apparel
Classic Green Keychain,196,Accessories
Classic Blue Drawstring Joggers,179,Apparel
Classic White Pullover Hoodie,24,Apparel
Classic Navy Drawstring Joggers,227,Apparel
Classic Red Backpack,241,Accessories
Classic Gray Hooded Sweatshirt,228,Apparel
Classic Green Cardigan,50,Apparel
Classic Black Wristwatch,47,Accessories
Classic Blue Beanie,93,Accessories
Classic Navy Baseball Cap,186,Accessories
Classic Blue Baseball Cap,26,Accessories
Classic Red Scarf,163,Accessories
Classic Green Hooded Sweatshirt,183,Apparel
Classic Blue Crewneck Sweatshirt,123,Apparel
Classic White Crewneck Sweatshirt,204,Apparel
Classic Red Hooded Sweatshirt,167,Apparel
Classic Green Tank Top,148,Apparel
Classic Black Backpack,169,Accessories
Classic Black Leather Wallet,118,Accessories
Classic Blue Scarf,85,Accessories
Classic Black Cardigan,158,Apparel
Classic Red Sunglasses,227,Accessories
Classic Green Tank Top,49,Apparel
Classic Green Comfort Fit Joggers,200,Apparel
Classic Red Comfort Fit Joggers,163,Apparel
Classic Blue Drawstring Joggers,99,Apparel
Classic White Pullover Hoodie,98,Apparel
Classic Navy Denim Jacket,72,Apparel
Classic Red Sunglasses,239,Accessories
Classic Green Beanie,43,Accessories
Classic Green Drawstring Joggers,125,Apparel
Classic White Cardigan,146,Apparel
Classic Red Sunglasses,21,Accessories
Classic Red Hooded Sweatshirt,11,Apparel
Classic Black Cardigan,116,Apparel
Classic Red Leather Wallet,154,Accessories
Classic Gray Graphic T-Shirt,190,Apparel
Classic Black Wristwatch,54,Accessories
Classic Black Jogger Sweatpants,61,Apparel
Classic Navy Hooded Sweatshirt,67,Apparel
Classic Red Denim Jacket,142,Apparel
Classic Navy Keychain,233,Accessories
Classic White Jogger Sweatpants,138,Apparel
Classic Blue Wristwatch,127,Accessories
Classic Blue Graphic T-Shirt,242,Apparel
Classic Black Leather Wallet,209,Accessories
Classic Navy Crewneck Sweatshirt,45,Apparel
Classic Green Beanie,45,Accessories
Classic Gray Pullover Hoodie,105,Apparel
Classic Black Denim Jacket,152,Apparel
Classic Red Leather Wallet,188,Accessories
Classic Blue Jogger Sweatpants,237,Apparel
Classic Navy Sunglasses,102,Accessories
Classic Navy Crewneck Sweatshirt,18,Apparel
Classic Gray Handbag,31,Accessories
Classic Green Belt,225,Accessories
Classic Navy Denim Jacket,145,Apparel
Classic Navy Denim Jacket,89,Apparel
Classic Black Drawstring Joggers,19,Apparel
Classic Green Handbag,211,Accessories
Classic Green Belt,155,Accessories
Classic Green Wristwatch,110,Accessories
Classic Blue Hooded Sweatshirt,85,Apparel
Classic Red Beanie,208,Accessories
Classic Green Baseball Cap,153,Accessories
Classic Red Tank Top,169,Apparel
Classic Green Sunglasses,125,Accessories
Classic White Backpack,198,Accessories
Classic Gray Handbag,60,Accessories
Classic Black Denim Jacket,57,Apparel
Classic Gray Denim Jacket,212,Apparel
Classic Navy Hooded Sweatshirt,162,Apparel
Classic Black Wristwatch,191,Accessories
Classic Black Crewneck Sweatshirt,72,Apparel
Classic Red Baseball Cap,201,Accessories
Classic Gray Crewneck Sweatshirt,151,Apparel
Classic Gray Beanie,210,Accessories
Classic Gray Keychain,82,Accessories
Classic Black Cardigan,98,Apparel
Classic Navy Graphic T-Shirt,195,Apparel
Classic Blue Scarf,95,Accessories
Classic Green Hooded Sweatshirt,107,Apparel
Classic Blue Sunglasses,18,Accessories
Classic Blue Leather Wallet,94,Accessories
Classic Navy Cardigan,225,Apparel
Classic Blue Sunglasses,112,Accessories
Classic Blue Crewneck Sweatshirt,188,Apparel
Classic Gray Tank Top,61,Apparel
Classic Black Leather Wallet,19,Accessories
Classic Red Keychain,45,Accessories
Classic Gray Scarf,230,Accessories
Classic Navy Wristwatch,28,Accessories
Classic Gray Beanie,57,Accessories
Classic White Leather Wallet,223,Accessories
Classic Blue Baseball Cap,230,Accessories
Classic Navy Comfort Fit Joggers,69,Apparel
Classic Green Denim Jacket,223,Apparel
Classic Black Hooded Sweatshirt,73,Apparel
Classic Navy Backpack,147,Accessories
Classic Blue Jogger Sweatpants,88,Apparel
Classic Red Drawstring Joggers,242,Apparel
Classic Navy Denim Jacket,231,Apparel
Classic Gray Leather Wallet,46,Accessories
Classic White Handbag,182,Accessories
Classic Green Backpack,237,Accessories
Classic Green Tank Top,135,Apparel
Classic Black Drawstring Joggers,168,Apparel
Classic Black Pullover Hoodie,203,Apparel
Classic Blue Wristwatch,93,Accessories
Classic Green Cardigan,14,Apparel
Classic Navy Belt,225,Accessories
Classic Gray Comfort Fit Joggers,16,Apparel
Classic Black Leather Wallet,206,Accessories
Classic Navy Pullover Hoodie,131,Apparel
Classic Green Keychain,193,Accessories
Classic Gray Pullover Hoodie,209,Apparel
Classic Green Comfort Fit Joggers,49,Apparel
Classic White Tank Top,13,Apparel
Classic Gray Cardigan,161,Apparel
Classic Navy Comfort Fit Joggers,115,Apparel
Classic Blue Graphic T-Shirt,45,Apparel
Classic Blue Baseball Cap,211,Accessories
